{
  "creds": {
    "noiseKey": {
      "private": {
        "type": "Buffer",
        "data": "gIjcdI75GWTproK/FBY+TJNX6NpNMXsAgPMwPUMu3Vw="
      },
      "public": {
        "type": "Buffer",
        "data": "N3rjrrLlTOrwrH06s4KGOtyNQYe0qvDPVxMmo193glU="
      }
    },
    "signedIdentityKey": {
      "private": {
        "type": "Buffer",
        "data": "uHHO7enLeaWmxIFMTo1BJKIcv9cdwMKL6DAuk0X/S2M="
      },
      "public": {
        "type": "Buffer",
        "data": "/xnLuXUvZKD5vedzkneWcP//crxZi5UbY04lqXnQvFk="
      }
    },
    "signedPreKey": {
      "keyPair": {
        "private": {
          "type": "Buffer",
          "data": "OCLB22DOYuOPEcRLH+OurvG9/PuhLzRAWJQNtuoryVs="
        },
        "public": {
          "type": "Buffer",
          "data": "TwdrwPU/1CWwOl4EioikJ5askOt6+5gcgryvKsPU1Fg="
        }
      },
      "signature": {
        "type": "Buffer",
        "data": "FIoqVe7qfN6V6lvGkfWO3FpKzHmpZkO0+9kIf5LwPqbC5ppnTeHOj+cV4pO8hh3EcYtFTAHmJWR6GWgYKbQJhQ=="
      },
      "keyId": 1
    },
    "registrationId": 146,
    "advSecretKey": "KK0/2+739RGXQJG+OuhgJ036X0saDK/RZODrXl/RK54=",
    "processedHistoryMessages": [
      {
        "key": {
          "remoteJid": "62882199472100@s.whatsapp.net",
          "fromMe": true,
          "id": "B10CCE2EF2F95CBE0576585DF8F70568"
        },
        "messageTimestamp": 1685708332
      },
      {
        "key": {
          "remoteJid": "62882199472100@s.whatsapp.net",
          "fromMe": true,
          "id": "2AFFE786328DBA80F4CE5559EFF4CB26"
        },
        "messageTimestamp": 1685708340
      },
      {
        "key": {
          "remoteJid": "62882199472100@s.whatsapp.net",
          "fromMe": true,
          "id": "28245CB8AB77A62009A17D60C9015781"
        },
        "messageTimestamp": 1685708379
      },
      {
        "key": {
          "remoteJid": "62882199472100@s.whatsapp.net",
          "fromMe": true,
          "id": "8DBAB0C73BF87DFA86AEF28948602478"
        },
        "messageTimestamp": 1685708397
      }
    ],
    "nextPreKeyId": 41,
    "firstUnuploadedPreKeyId": 41,
    "accountSyncCounter": 1,
    "accountSettings": {
      "unarchiveChats": false
    },
    "account": {
      "details": "CIzQp4EBEKO856MGGAE=",
      "accountSignatureKey": "eC41txwVTxVvGZgGcNIvB2VRCokrYOYaD6bOYPObmjA=",
      "accountSignature": "t1YJ9R/MVw0ZVMPeEt2v7ISydOcMF4Ym04b2gvbLStEfCP1i4p68Qut+n+2aJV+OObi6VKgw/j34OKlgXerzDA==",
      "deviceSignature": "JWkTEHARiWMlStyNhPEEs/OMsQDJ+56SIPhDe+nhYcfTzNs+HWeZnrF2GRYlIW/l8xzokYWe4tXHaJ9q5v3DiQ=="
    },
    "me": {
      "id": "62882199472100:13@s.whatsapp.net",
      "name": "Call Me Neo 403"
    },
    "signalIdentities": [
      {
        "identifier": {
          "name": "62882199472100:13@s.whatsapp.net",
          "deviceId": 0
        },
        "identifierKey": {
          "type": "Buffer",
          "data": "BXguNbccFU8VbxmYBnDSLwdlUQqJK2DmGg+mzmDzm5ow"
        }
      }
    ],
    "platform": "android",
    "lastAccountSyncTimestamp": 1685708981,
    "myAppStateKeyId": "AAAAAKlV"
  },
  "keys": {
    "preKeys": {
      "1": {
        "private": {
          "type": "Buffer",
          "data": "eES2j2NeyDV5SiUesXiZpnsijlum9SuvSi0Hprl2r3M="
        },
        "public": {
          "type": "Buffer",
          "data": "RpSjrFNrkWmLX6mcZSsFyoAhx6uSjP/PfjTvRQ9g5w4="
        }
      },
      "2": {
        "private": {
          "type": "Buffer",
          "data": "wFpGOfpGAmbf4zM9EMw6EOGRCjkE+3VW2H5THmtoL0Y="
        },
        "public": {
          "type": "Buffer",
          "data": "2RmDrV13kEk5Xu2rpZ+1FYmLtWuOxrnLQPBtA8JAPjE="
        }
      },
      "3": {
        "private": {
          "type": "Buffer",
          "data": "KANLHriDTbcHYRNlGotSxKwyXLQas9QAzhkXdfYdzG8="
        },
        "public": {
          "type": "Buffer",
          "data": "2Rk3iDYZk136efK0LNwVxYQFbeUoiMFK22MNph3P4AE="
        }
      },
      "4": null,
      "5": {
        "private": {
          "type": "Buffer",
          "data": "kGgMo0T4HCTvtHKv79AIOMLmEVLUGVWdKT0PwybPV04="
        },
        "public": {
          "type": "Buffer",
          "data": "dE3+0uZ5mG9wYQosVXHOYfLlx9jdFRsrt2BTW+F/bHE="
        }
      },
      "6": {
        "private": {
          "type": "Buffer",
          "data": "QApmXYjphuKp1LifkuaGACx9nlVqaOLhmLrw08NGEW8="
        },
        "public": {
          "type": "Buffer",
          "data": "43kPbfSsBQsm+vEstZ0T61J4kTsUcWBIsnb740ipfyY="
        }
      },
      "7": {
        "private": {
          "type": "Buffer",
          "data": "mG8PwAI8raAI2wPCkdmOswubdPjtDrbTIJWXRSBbY0Y="
        },
        "public": {
          "type": "Buffer",
          "data": "ZNDAlygnKDXlSIjc9SmKoV3UboZ0cl4upOOeXKZthzI="
        }
      },
      "8": {
        "private": {
          "type": "Buffer",
          "data": "yGFYubC288V/VlwXNauYkJxGc5B8djAo7m5YXXXk518="
        },
        "public": {
          "type": "Buffer",
          "data": "K6W94suAWI6zlgZuU/F/BbZZY1ALfFqP8s09t87evxo="
        }
      },
      "9": {
        "private": {
          "type": "Buffer",
          "data": "WFuAiknLJJ23ixuLo1jnMPPhPB5p8cbiOe8E5usFfF4="
        },
        "public": {
          "type": "Buffer",
          "data": "FlThL5V81BD3wq/NBjKH5EVONnd8fnkeZDe6gLHhmzY="
        }
      },
      "10": {
        "private": {
          "type": "Buffer",
          "data": "OFj/Wis7iT7hfacy1eS4j8EobSktK0Zl/7vgCYlINlk="
        },
        "public": {
          "type": "Buffer",
          "data": "ZRGbLTiX/5YyfzuSQ95bMA/k3CJHzOr3hy+oNxQUqH4="
        }
      },
      "11": {
        "private": {
          "type": "Buffer",
          "data": "oFjXMotXGiPbNiIy7tYEipRrWq9QHXtz4Db0ZoJHkms="
        },
        "public": {
          "type": "Buffer",
          "data": "yFEkmLu9OBaKJE3Sqsrqoh7NQQPZX+1W6o+4qOD+IFM="
        }
      },
      "12": null,
      "13": {
        "private": {
          "type": "Buffer",
          "data": "uCk6kNPVKSoTwG8+y/SuVDrJXlORz+QO/d/ZXOHppUE="
        },
        "public": {
          "type": "Buffer",
          "data": "+jEUYK4crfsxYnyWy6C+Vqk1epu4NqIXbMTtrFyCnEA="
        }
      },
      "14": null,
      "15": {
        "private": {
          "type": "Buffer",
          "data": "oPLlh1GQ2mzrpAz7+mSaKmAr9G9Yjfm9bbqSTWMCWEs="
        },
        "public": {
          "type": "Buffer",
          "data": "ykH15cqDX6YcwrMQ8ZJBP1lYhr9+b8rEOFytqdomkQw="
        }
      },
      "16": {
        "private": {
          "type": "Buffer",
          "data": "QFNTk8rxD1aneePZfJ6IXCwNfn8uz/5+Y6fHX/z9Fm0="
        },
        "public": {
          "type": "Buffer",
          "data": "7i81EJJUevXAs7S//pGeNOH4+gbKonekNELYMgCaTUA="
        }
      },
      "17": {
        "private": {
          "type": "Buffer",
          "data": "QB/G7HbwG4d/Ungd3Y7q86vR0cF6WW4DIR0UuaXsSkM="
        },
        "public": {
          "type": "Buffer",
          "data": "kKXxkQv6X7G/jHiD1zKeR2BMSVS4zchLu6GCrdppjAU="
        }
      },
      "18": {
        "private": {
          "type": "Buffer",
          "data": "aPOo//17X9RP/xYc89dI8AZmwHkZS8FaaOCsOn4sEkA="
        },
        "public": {
          "type": "Buffer",
          "data": "1dzkY+1+lflm2uiXUJc5nMt5c+Gw2kvZW4QQRT0WOm4="
        }
      },
      "19": {
        "private": {
          "type": "Buffer",
          "data": "EMYfp1aGHC1SRZub5TNhhv1xGvH9mh6AQ8IPGi2r7Fs="
        },
        "public": {
          "type": "Buffer",
          "data": "qNpuU/Z2wNxXSabulERcuJtY3sdLPqjkjREiEqTda2s="
        }
      },
      "20": null,
      "21": {
        "private": {
          "type": "Buffer",
          "data": "qCNqZc18dOOwaztnBhcalIG+xK8gmqTb5xwgJw3KGWU="
        },
        "public": {
          "type": "Buffer",
          "data": "f6H8tVCHPXCIlPukuDqcCdol16pr7d/J9lUWNHJrOVo="
        }
      },
      "22": {
        "private": {
          "type": "Buffer",
          "data": "MB/QfcJ1nPGxeVs9i8oaSef+3CjF2Z8zd8u9g/YHUF4="
        },
        "public": {
          "type": "Buffer",
          "data": "NSm0XxFcv9GOosCsT7gRbS+mei1BhMJX1epHAesebWE="
        }
      },
      "23": {
        "private": {
          "type": "Buffer",
          "data": "UDGWybFznhF4l+qgtlvS0K+tNX9d4R/F04VHtqFRbE4="
        },
        "public": {
          "type": "Buffer",
          "data": "iSHthQVR/0b3xNZ6Hi06GElrqRBECWFmW4D+GmadYzk="
        }
      },
      "24": {
        "private": {
          "type": "Buffer",
          "data": "SGW8xbImh9LelgMITcFUe33qU2xE12HPqBb8UJy7LlE="
        },
        "public": {
          "type": "Buffer",
          "data": "agCyou5MLi5tPwxbLCE9wyypBhLREQqvu9uTXcBrbTM="
        }
      },
      "25": null,
      "26": {
        "private": {
          "type": "Buffer",
          "data": "4KY1giwGvE3BxnFlSfqvGbP8qSNUJxObudDJS4dDwU0="
        },
        "public": {
          "type": "Buffer",
          "data": "9ffwt5qXIofgHjzxpnOWUSPnHrQ44Y2mnsfGJuabLUw="
        }
      },
      "27": {
        "private": {
          "type": "Buffer",
          "data": "8J39HrsVGIAH+STgRYVG+c/4vPNhpQ+yRTx2EKfCF10="
        },
        "public": {
          "type": "Buffer",
          "data": "JbA5Wa6+8YDQx+oof+YXKGpRt3DUHjpiwe+9lSSm4hI="
        }
      },
      "28": {
        "private": {
          "type": "Buffer",
          "data": "gIvDKtotBGOSDL7VAqdJJ/8iLB2CGAjynThTPY4XLFo="
        },
        "public": {
          "type": "Buffer",
          "data": "5QoCEa8UvZc3pTwnvnc+paztSmyt3AElpycRVy/7bWM="
        }
      },
      "29": {
        "private": {
          "type": "Buffer",
          "data": "gDo3gj5bo1O325KddGyLKl/yML4N0ikKeE7SHBK8wH4="
        },
        "public": {
          "type": "Buffer",
          "data": "3CGSuzg5+deE7zu6UHrCmm79nPF03elrt6EpVrWNSwU="
        }
      },
      "30": null,
      "31": {
        "private": {
          "type": "Buffer",
          "data": "GGCIQthmZBCKkFuNrOAwzBLqTxNY2rvkm+wZ6LVOS1c="
        },
        "public": {
          "type": "Buffer",
          "data": "ki5IR697T2y/asUec2cTlAMl98ZxWxS0AsVJeYLIBRg="
        }
      },
      "32": {
        "private": {
          "type": "Buffer",
          "data": "8IFjD7rCJXEnGlbOpAkLcjVX1mQHGC+pkocrGoZLL3w="
        },
        "public": {
          "type": "Buffer",
          "data": "9KsrnVE0YD+LlaJA8sGxjc5zglurZnaGX4ROXY26+Dk="
        }
      },
      "33": {
        "private": {
          "type": "Buffer",
          "data": "GJIuGBBb1FE3YlTG23SWLCPly21kkECQxQT15hOFPlQ="
        },
        "public": {
          "type": "Buffer",
          "data": "UEBW+WqL8tlBqeW8q3AiRSfAU4myUDtoPeaA4Npfvw0="
        }
      },
      "34": {
        "private": {
          "type": "Buffer",
          "data": "ICl0n4loaklT4EDc8+UIJJkrVlCmy79qKl1aBunVg0c="
        },
        "public": {
          "type": "Buffer",
          "data": "ulqgAT6DFvs2Tf80vZU+MEIyuwiLujBwxANtCeNyDHw="
        }
      },
      "35": {
        "private": {
          "type": "Buffer",
          "data": "gHGiMI8n2vSgq+yh4lATKWO2SVU5mM9FKZhRV8USAks="
        },
        "public": {
          "type": "Buffer",
          "data": "XSVa5iP0rtd8eoAAe19qG4/ASBQW2IOf7mCAnrnF4Ts="
        }
      },
      "36": {
        "private": {
          "type": "Buffer",
          "data": "mA9KihAoBKHD9qxeoGEA9ZjotdzkHCVea1tsnMTadks="
        },
        "public": {
          "type": "Buffer",
          "data": "8GIrKkC89dKrun10BOo9WlxqHfIGQYfCx1ZLmcs28Wo="
        }
      },
      "37": {
        "private": {
          "type": "Buffer",
          "data": "8NOi1X3RpqSNhvxuqhkvsJILLrFAMrcswZZ+mnj/mlI="
        },
        "public": {
          "type": "Buffer",
          "data": "CnVf5togYOQpWrOQemkRzm71Htv108dUSGpx7xcomRY="
        }
      },
      "38": {
        "private": {
          "type": "Buffer",
          "data": "WOVl0BTVL/geA0kmMP/REktkEG4jG+0FbHgUliXvEEM="
        },
        "public": {
          "type": "Buffer",
          "data": "Bwr8IZg+6bHA6C2ZqKUv+HRg+HdH3OFFfcpGqSOzTgM="
        }
      },
      "39": {
        "private": {
          "type": "Buffer",
          "data": "cPYRfFuioR6dR3bxobPVdWiZ3CO9+5Fu0l39nHEw5X4="
        },
        "public": {
          "type": "Buffer",
          "data": "Tki63WXbyoaNuAAdm6DDzc2FN1EvlDlAA16fpKy08UE="
        }
      },
      "40": {
        "private": {
          "type": "Buffer",
          "data": "2L/sV5xI0m/MqzPaRYL/vzXDBVuWKP7htMpZz0VT0VQ="
        },
        "public": {
          "type": "Buffer",
          "data": "dI/kgzvx0+Xb8tUXxpFaLFUeuS4rN52jjNV8l7uzL0w="
        }
      }
    },
    "sessions": {
      "62882199472100.0": {
        "_sessions": {
          "BVYpFlAvDtaxOoDgsG704EAKbrCJk20qBnRTO3jv4Ydz": {
            "registrationId": 1881949343,
            "currentRatchet": {
              "ephemeralKeyPair": {
                "pubKey": "BWA8lXpP79T3fx5rseK55nRgIXhThtyhV3rXAWtTPoBC",
                "privKey": "SBOFAj/1wYVi8+TvoTf0JAiyfiWfIfelnpXFjUV1an0="
              },
              "lastRemoteEphemeralKey": "BT1ORxohsBvDkmP6t2jvEpvduG8mw7aPrq+NBFdLKnga",
              "previousCounter": 0,
              "rootKey": "LGVSMI2ybqSAE5gGc4KK7q170gknEyhSdu+utf6oiUA="
            },
            "indexInfo": {
              "baseKey": "BVYpFlAvDtaxOoDgsG704EAKbrCJk20qBnRTO3jv4Ydz",
              "baseKeyType": 2,
              "closed": 1685708330307,
              "used": 1685708328203,
              "created": 1685708328203,
              "remoteIdentityKey": "BXguNbccFU8VbxmYBnDSLwdlUQqJK2DmGg+mzmDzm5ow"
            },
            "_chains": {
              "BT1ORxohsBvDkmP6t2jvEpvduG8mw7aPrq+NBFdLKnga": {
                "chainKey": {
                  "counter": 0,
                  "key": "M0+OtJ3oAy3R4L+6ZQa/KHIxBJuvQHI0hVlG/7/k2uc="
                },
                "chainType": 2,
                "messageKeys": {}
              },
              "BWA8lXpP79T3fx5rseK55nRgIXhThtyhV3rXAWtTPoBC": {
                "chainKey": {
                  "counter": -1,
                  "key": "SHvfP7diFcTnXdEHQuBG4TJQwuTZIoTLewDKCmclC9s="
                },
                "chainType": 1,
                "messageKeys": {}
              }
            }
          },
          "BcmaymxwtpK30rKEFyLV6yTXygSYBFoYPAyA1eIHxB8O": {
            "registrationId": 1881949343,
            "currentRatchet": {
              "ephemeralKeyPair": {
                "pubKey": "BSi4rRirXkCbD5fg94cRPXODOqdSRg1d2j5XAWr0E/BV",
                "privKey": "oIHjx+oxeLLRk19OTnmAhFb5P+9SCSeQVZQI3AK9rnA="
              },
              "lastRemoteEphemeralKey": "BU6Q/Zq6kmrPnFLckN/zL9wp61/zkjpQz43VT/CAgo4q",
              "previousCounter": 39,
              "rootKey": "ew3PQkzH31OQUISjnrZ7gFBxtNO1dOskiNp13XvpqMg="
            },
            "indexInfo": {
              "baseKey": "BcmaymxwtpK30rKEFyLV6yTXygSYBFoYPAyA1eIHxB8O",
              "baseKeyType": 1,
              "closed": 1685709437360,
              "used": 1685709433270,
              "created": 1685708330303,
              "remoteIdentityKey": "BXguNbccFU8VbxmYBnDSLwdlUQqJK2DmGg+mzmDzm5ow"
            },
            "_chains": {
              "BRqn4OHk52v/RnGTtXDvEeBnBYd+ilSsqCp+HdIlvl9R": {
                "chainKey": {
                  "counter": 12
                },
                "chainType": 2,
                "messageKeys": {}
              },
              "BcTBef6pS8dYWeLvdHxKTuQ5J5hmz7ApGSk3JZPo7vV7": {
                "chainKey": {
                  "counter": 4
                },
                "chainType": 2,
                "messageKeys": {}
              },
              "BdL8gxU4boZtIB3wRobgxD8hfqeBA/ObWDgzEmJn5OwY": {
                "chainKey": {
                  "counter": 3
                },
                "chainType": 2,
                "messageKeys": {}
              },
              "BU6Q/Zq6kmrPnFLckN/zL9wp61/zkjpQz43VT/CAgo4q": {
                "chainKey": {
                  "counter": 0,
                  "key": "Uyem1kBIdeftuv1O30QFjlMfvaYafO2frwAiuf7j9qY="
                },
                "chainType": 2,
                "messageKeys": {}
              },
              "BSi4rRirXkCbD5fg94cRPXODOqdSRg1d2j5XAWr0E/BV": {
                "chainKey": {
                  "counter": 1,
                  "key": "9Kse8JeIPlqpO1niQrDKmb4X+iinT7QxVE8tEaSmP8I="
                },
                "chainType": 1,
                "messageKeys": {}
              }
            }
          },
          "Bdej8R6UtUI4c+dggIci0qZ434MgH5u2pW/WBpmBQhwv": {
            "registrationId": 1881949343,
            "currentRatchet": {
              "ephemeralKeyPair": {
                "pubKey": "Bc7957sLNz57tfk2m4kEKz3W2NdJif2oq2zIdMjy/h18",
                "privKey": "oFxhSGzcfce1qSMXbZXet7vEaxigj3ckxHQplCSPRF8="
              },
              "lastRemoteEphemeralKey": "BY7kiao3FRd8P+j4hUlGCeO1CwqdYsm302QH85b9kf5x",
              "previousCounter": 0,
              "rootKey": "pmclwoWsRzTYqpKmPZMFEqM75y5CpQpVtCKFtNLK8BY="
            },
            "indexInfo": {
              "baseKey": "Bdej8R6UtUI4c+dggIci0qZ434MgH5u2pW/WBpmBQhwv",
              "baseKeyType": 1,
              "closed": 1685709438094,
              "used": 1685709437357,
              "created": 1685709437357,
              "remoteIdentityKey": "BXguNbccFU8VbxmYBnDSLwdlUQqJK2DmGg+mzmDzm5ow"
            },
            "_chains": {
              "Bc7957sLNz57tfk2m4kEKz3W2NdJif2oq2zIdMjy/h18": {
                "chainKey": {
                  "counter": -1,
                  "key": "KSCWqIdjFBvPY3mGhfmm4VzxKl+eMZABaiuxio3KRDA="
                },
                "chainType": 1,
                "messageKeys": {}
              }
            },
            "pendingPreKey": {
              "signedKeyId": 0,
              "baseKey": "Bdej8R6UtUI4c+dggIci0qZ434MgH5u2pW/WBpmBQhwv",
              "preKeyId": 15752868
            }
          },
          "BX2SrIIO5Lkv7m9jeY56o4pexKCtmxw2TXHSRkLZgBFs": {
            "registrationId": 1881949343,
            "currentRatchet": {
              "ephemeralKeyPair": {
                "pubKey": "BZY3J1fsx78gMV5yl1wSmCE44WxO7JkCB+AfEnCRdh8h",
                "privKey": "ADAsNKrbHAAm0zMPWH1w+S4HuXiYhCB3nxTpMH8yvlo="
              },
              "lastRemoteEphemeralKey": "BZPkZ1qar1FkJ6ZpeIVuIh2ub7afZHOcgf6SCxyjgiEb",
              "previousCounter": 4,
              "rootKey": "L2j2vLg+9MHdMykmHiAI9CPUYqnibTBe8W5paYDdTdU="
            },
            "indexInfo": {
              "baseKey": "BX2SrIIO5Lkv7m9jeY56o4pexKCtmxw2TXHSRkLZgBFs",
              "baseKeyType": 1,
              "closed": 1685709983812,
              "used": 1685709959767,
              "created": 1685709438092,
              "remoteIdentityKey": "BXguNbccFU8VbxmYBnDSLwdlUQqJK2DmGg+mzmDzm5ow"
            },
            "_chains": {
              "BQMs9ZsRVsz4crwxkfuIioFkOx+teunV2HGv/fSH3Jgk": {
                "chainKey": {
                  "counter": 0
                },
                "chainType": 2,
                "messageKeys": {}
              },
              "BRXJUhua5Q5mBhYvYtBRKNqtK3fltJ4ZPIkJMqYbEMVl": {
                "chainKey": {
                  "counter": 1
                },
                "chainType": 2,
                "messageKeys": {}
              },
              "BXIjf345+hmjodyeCrNqrgl1QkluOvXGMtOV520xC1kR": {
                "chainKey": {
                  "counter": 0
                },
                "chainType": 2,
                "messageKeys": {}
              },
              "BU6rgEJuSWKJjXiHz4zZfv+U7qlCCKhmR50EmkhDw8Ya": {
                "chainKey": {
                  "counter": 0
                },
                "chainType": 2,
                "messageKeys": {}
              },
              "BY5QvXoWebnYO5pGL8OPciujUBykl2CIjTGTA1Si0AJX": {
                "chainKey": {
                  "counter": 1
                },
                "chainType": 2,
                "messageKeys": {
                  "0": "PdD0/bnC9rWV/jsxHZ76AKs9ozG3xpW8Eu2xWv23mhc="
                }
              },
              "BWUxh1DyRS7KHjlyjIPPsNulvA9afjQbfVsYo2FFWm8S": {
                "chainKey": {
                  "counter": 1
                },
                "chainType": 2,
                "messageKeys": {
                  "0": "NeW5KFfFUwv8wIPziMUsYAxUgJd7bhPpWBVVD/wC7/0="
                }
              },
              "BSXnD5mBSvW32gnaTtC3XizuZ+B0yRh3cyUvigylwFpm": {
                "chainKey": {
                  "counter": 1
                },
                "chainType": 2,
                "messageKeys": {
                  "1": "gUe3nN/HuEThTG1I1VcUuzQfasbHec+XJtR+cASZckE="
                }
              },
              "BZPkZ1qar1FkJ6ZpeIVuIh2ub7afZHOcgf6SCxyjgiEb": {
                "chainKey": {
                  "counter": 0,
                  "key": "8zT6qDq5HVzNUNxjbgNj3iOLBCWRblbYy88eIuBCqeI="
                },
                "chainType": 2,
                "messageKeys": {}
              },
              "BZY3J1fsx78gMV5yl1wSmCE44WxO7JkCB+AfEnCRdh8h": {
                "chainKey": {
                  "counter": 4,
                  "key": "uVfKl+XAPvWi42EIAQ7LP1ZBNXcDriSFLHqerC0wkWE="
                },
                "chainType": 1,
                "messageKeys": {}
              }
            }
          },
          "BYtjpQ1eycOJyy+JgEVLkd4aRdOVXDMRC9yoDjx2n70X": {
            "registrationId": 1881949343,
            "currentRatchet": {
              "ephemeralKeyPair": {
                "pubKey": "BR7a+0VZLbhnLEhGG8RjCBBY2wQBzvex7G7GD1e17iA7",
                "privKey": "6MYyhZ9fLCLPNKg6cYwTavxUZo6HNkyZhsX62PTSmWE="
              },
              "lastRemoteEphemeralKey": "BYD6FDAZMkwDBPUu4l1aIOR/+0C/7yj5zBn3YLacQFco",
              "previousCounter": 107,
              "rootKey": "B97tJPbQiw8hsfAdJRv3qFMq59QI6ESbvPy5I4kmSfE="
            },
            "indexInfo": {
              "baseKey": "BYtjpQ1eycOJyy+JgEVLkd4aRdOVXDMRC9yoDjx2n70X",
              "baseKeyType": 1,
              "closed": -1,
              "used": 1685711508103,
              "created": 1685709983810,
              "remoteIdentityKey": "BXguNbccFU8VbxmYBnDSLwdlUQqJK2DmGg+mzmDzm5ow"
            },
            "_chains": {
              "BSQh7/8hoD4ks2azFBZ8+daFbf369bfR+eB3tVviuzZ7": {
                "chainKey": {
                  "counter": 1
                },
                "chainType": 2,
                "messageKeys": {
                  "0": "bUXoAzf4ek3n6ahqcyCcpa3SjClDc2OiBLZkvGg+vgk="
                }
              },
              "BXrHDxQb9P+jOvwlCkurBYE9qYRLupGvtuhDCgdY2iI/": {
                "chainKey": {
                  "counter": 2
                },
                "chainType": 2,
                "messageKeys": {
                  "0": "+LMGtvkyFhO3S4C0VJKzuFT30koOON9FRdb6YUQU9X8="
                }
              },
              "BWWQdxYFuX40ynJFsHMKDh2iCnMDEErr3VW9o10XvUQo": {
                "chainKey": {
                  "counter": 0
                },
                "chainType": 2,
                "messageKeys": {}
              },
              "BYXiYoz/4GRYZMADhnZvrQmHVFc4fMasv9t3a+3NFthw": {
                "chainKey": {
                  "counter": 2
                },
                "chainType": 2,
                "messageKeys": {
                  "1": "TbWvOv8eDNPS+PykXFWCP6uqu8+Du1dYzTpAxF+SlSo=",
                  "2": "hwU9HeD0uU6/kWET9C/Sb3fUE27AZGj1qmLNLVZRJRQ="
                }
              },
              "BcssZCXIKJhASDQpQbHFe3v8arjwph+Ds2eabAjudX1/": {
                "chainKey": {
                  "counter": 3
                },
                "chainType": 2,
                "messageKeys": {
                  "0": "Bv0EAYzcZ6VYYC6YZwGDh376KMvtRmabMeRyfQNHWI8=",
                  "2": "aIGF4TiHSxCH3CVHWqmu9lv9FpJCDCtQavdrBha/FFM=",
                  "3": "+EAju2hlPNZn6ajkHfEo7BaCbL0HiURVsvzDfN5yTsI="
                }
              },
              "BUDYvaOJIsrqwC03h9B9rl3N9vY9sIoaUc0Y/ssQP811": {
                "chainKey": {
                  "counter": 4
                },
                "chainType": 2,
                "messageKeys": {
                  "0": "aAZBpAgdbrE0KB9444nFIZCBv/GM6zyptf3P2nV36eo=",
                  "1": "4tCk6dN1TIMxqB7hX5ivky8/g+074l5ZS1MqMQ0NqKU="
                }
              },
              "Bcet5Fy0RFdZgfR6NpywehFGJJQu1k9yIkmWTpbc6CMn": {
                "chainKey": {
                  "counter": 4
                },
                "chainType": 2,
                "messageKeys": {
                  "0": "k0VfDjGUMUbRkskRXPs+m+mkLi2pDlvq1EyKwDEbVoI=",
                  "1": "N2Fuk+YLWKitCJjUfw2VqRyakkhQmhw1RWR+ZokkvTU=",
                  "2": "XPbo8LTKXsleCf4itnCop2+ZT2H2ugc4hfdksxV9xIs=",
                  "3": "ymujVmZ8eXIWvaoTDfshOu9eLMysY79UETPyIkRmtZM="
                }
              },
              "BYD6FDAZMkwDBPUu4l1aIOR/+0C/7yj5zBn3YLacQFco": {
                "chainKey": {
                  "counter": 3,
                  "key": "OVrn88kWMfQJ0s6DG6cgyCRBEAKFQdGR7STQfSYzdF8="
                },
                "chainType": 2,
                "messageKeys": {
                  "0": "EiYZ+dukyKw7L4F7+gJ+gYQ3e9aD6EREGPHhzev66zI=",
                  "1": "/Amj8WFv5E5ZUOWnLDcxDzO5D6wDDlh2w14CsWxgI20=",
                  "2": "8+moF5XHiAcI0BSciMb4N46+DD1qpBdGIzDutOzpyK8="
                }
              },
              "BR7a+0VZLbhnLEhGG8RjCBBY2wQBzvex7G7GD1e17iA7": {
                "chainKey": {
                  "counter": 173,
                  "key": "rITQJcwQmF5rsMrd0kXjxJm45dSlcf+6Bqzoh1Ryhwk="
                },
                "chainType": 1,
                "messageKeys": {}
              }
            }
          }
        },
        "version": "v1"
      },
      "62822799915237.0": {
        "_sessions": {
          "BWowl+CEIiYlvudfjaX9Ue3Pfw/7dipbvblhyL33auYN": {
            "registrationId": 2449182144,
            "currentRatchet": {
              "ephemeralKeyPair": {
                "pubKey": "BdMJWRlQYEjfIptHrFOEzgnQuPpKx3GBcx3nR+bCl7kW",
                "privKey": "gNUljAO+GYy1zvjhnMlkiXPdnZ2zgYFSu8Poe3GHUVk="
              },
              "lastRemoteEphemeralKey": "Benl2QX437OMMxzObsfWf1CW++5mZUcy0qgiP6bm9RBb",
              "previousCounter": 0,
              "rootKey": "z5HaHmVsf72JqcIqF3T0S8w0vdjXBMbEtl9LgS2LWLA="
            },
            "indexInfo": {
              "baseKey": "BWowl+CEIiYlvudfjaX9Ue3Pfw/7dipbvblhyL33auYN",
              "baseKeyType": 1,
              "closed": -1,
              "used": 1685708330297,
              "created": 1685708330297,
              "remoteIdentityKey": "BV1WIs3Yz0Sfr9yCe7XIKshnqP15AnBBcRrs+Y7QOFY9"
            },
            "_chains": {
              "BdMJWRlQYEjfIptHrFOEzgnQuPpKx3GBcx3nR+bCl7kW": {
                "chainKey": {
                  "counter": 572,
                  "key": "S75YLROrY3ZtEqdH26Qjib+br0Jyyt/Brus5JdFYLcE="
                },
                "chainType": 1,
                "messageKeys": {}
              }
            },
            "pendingPreKey": {
              "signedKeyId": 14924536,
              "baseKey": "BWowl+CEIiYlvudfjaX9Ue3Pfw/7dipbvblhyL33auYN"
            }
          }
        },
        "version": "v1"
      },
      "6281392386254:21.0": {
        "_sessions": {
          "BV0dyuD+oFlP1XqhaFGYbN5gaPmvPvsTGgfjaEHl1Sk1": {
            "registrationId": 246,
            "currentRatchet": {
              "ephemeralKeyPair": {
                "pubKey": "BRadWaOXDkXIODwFWlBTrFz5XDu/DodLYr/C+d9vATlc",
                "privKey": "UCNGKdtsoEKHRPAAuhfYItJboPylDCN+oE/r7q1NcnQ="
              },
              "lastRemoteEphemeralKey": "BZ+6n61VxHZykS9yQQOTqmJlvgbuZkQvygGZd7d2/YN9",
              "previousCounter": 0,
              "rootKey": "31AncmY19EtUPerPX/84ybWZiM7LpI22lhxOZ/lunGo="
            },
            "indexInfo": {
              "baseKey": "BV0dyuD+oFlP1XqhaFGYbN5gaPmvPvsTGgfjaEHl1Sk1",
              "baseKeyType": 2,
              "closed": -1,
              "used": 1685708521287,
              "created": 1685708521287,
              "remoteIdentityKey": "BWIU2V3XTWfbhxtNU8WD+D36n/1k89KO69curXZ4MSNy"
            },
            "_chains": {
              "BZ+6n61VxHZykS9yQQOTqmJlvgbuZkQvygGZd7d2/YN9": {
                "chainKey": {
                  "counter": 0,
                  "key": "5Cy8S1IAJRAd20dfkSEPeuFvpe7XMYbxoDD5UmWG1n0="
                },
                "chainType": 2,
                "messageKeys": {}
              },
              "BRadWaOXDkXIODwFWlBTrFz5XDu/DodLYr/C+d9vATlc": {
                "chainKey": {
                  "counter": -1,
                  "key": "X3P8KSEbTZ3uC9m3E1/WU2jEvr7Tn+tc7ITD3iSiTHI="
                },
                "chainType": 1,
                "messageKeys": {}
              }
            }
          }
        },
        "version": "v1"
      },
      "6289509430178:2.0": {
        "_sessions": {
          "BVtahHjAkmHFpLUnrkf4PjmTNQV42ywalttZXY0wpV4H": {
            "registrationId": 255,
            "currentRatchet": {
              "ephemeralKeyPair": {
                "pubKey": "BW2CLrjPJdMNbX2FQe6XfuWkuvSS70O2GpxUzTuVJbMA",
                "privKey": "0InkVbE4w6lrtqdxuNUnRAEDWDHd/2rD3CNiTaZkO34="
              },
              "lastRemoteEphemeralKey": "BRknntFenjBUlV0uTO3yGQeygYfGWZYKN9hgmUuJj5kh",
              "previousCounter": 0,
              "rootKey": "M6hSd3FAjoNGlt3F+FPfMrHAF+fTX3cMuIYlY9ojkEE="
            },
            "indexInfo": {
              "baseKey": "BVtahHjAkmHFpLUnrkf4PjmTNQV42ywalttZXY0wpV4H",
              "baseKeyType": 2,
              "closed": -1,
              "used": 1685708702628,
              "created": 1685708702628,
              "remoteIdentityKey": "BS4QF8e5G78j/dcFPV0G3H6tHm9k2esUUusOqSB84ip8"
            },
            "_chains": {
              "BRknntFenjBUlV0uTO3yGQeygYfGWZYKN9hgmUuJj5kh": {
                "chainKey": {
                  "counter": 0,
                  "key": "Yi9vE6Q9ZwC7yGg1I+MFk8x34a59XoAA0honaWjI3uk="
                },
                "chainType": 2,
                "messageKeys": {}
              },
              "BW2CLrjPJdMNbX2FQe6XfuWkuvSS70O2GpxUzTuVJbMA": {
                "chainKey": {
                  "counter": -1,
                  "key": "pYhV78F78vschjlzIkMU7UTMaTLckjRQt3zn1q+2f9Q="
                },
                "chainType": 1,
                "messageKeys": {}
              }
            }
          }
        },
        "version": "v1"
      },
      "6283818717862.0": {
        "_sessions": {
          "BY02jUemOGXCSiNjO07WsMvAzPHCzjLPg36+y5pWHdRv": {
            "registrationId": 1301323848,
            "currentRatchet": {
              "ephemeralKeyPair": {
                "pubKey": "BYCXzXnAJX9Lf+0T5xPfcivxJuKCov3snKwd+lrnisAV",
                "privKey": "KHwr2+8v5AnuUYmQ2tMkM27jpy7CIPWABQlv8RAzEkY="
              },
              "lastRemoteEphemeralKey": "BXb3rkled1sPqIpxNWIKgY1kbQIuKVqR5aNnwE5GnQhh",
              "previousCounter": 0,
              "rootKey": "KQGAT+HEJDmT8w/kJtzarV2zWbVWoUimMor/nFSB9io="
            },
            "indexInfo": {
              "baseKey": "BY02jUemOGXCSiNjO07WsMvAzPHCzjLPg36+y5pWHdRv",
              "baseKeyType": 2,
              "closed": -1,
              "used": 1685708997843,
              "created": 1685708997843,
              "remoteIdentityKey": "BdTsvFKVnPaydVY6HJbeSJu/bNftaezSA1bKdiBv9Wcb"
            },
            "_chains": {
              "BXb3rkled1sPqIpxNWIKgY1kbQIuKVqR5aNnwE5GnQhh": {
                "chainKey": {
                  "counter": 30,
                  "key": "ZJAkmoAGLCtqXx3X7idqMh01hgu2YkLrbSfKMHzjEAY="
                },
                "chainType": 2,
                "messageKeys": {
                  "9": "sMHJ8eriEWpnD1OQHIDgBAZyYlr0gX9S5xkBwrjpLcI=",
                  "10": "JA25LWpMLJq+0LOtWbDqmIEwdMkIQpHxcq189LAtwn8=",
                  "12": "l5CiHqVXEyjUxkUXYuE6MXzTmp1xW2530CAIHNfU+jA=",
                  "13": "aFO+fFPlRFgi6q2Q5UjRIHTx8nOsC9zziF3KQPhV2N8=",
                  "14": "Uu/2+dWMipz9LSQNDV1CbnzzPxHRyN+m3wVmpGQZnqU=",
                  "15": "pS5An6UY1W44XuXuEKrWl4huh3fFJlfX5jI+3C8Ww5s=",
                  "17": "3BJ51Njcj0JWCYXsuroZB16qAzusHeyeyLgnWQHm22M=",
                  "19": "09RaaiDbHyKKWisNDIWd7B8QMc8Bs2KRfUDy/+WNFBc=",
                  "20": "mVrrjTSk4EU6+YwZc9UUfkPmRDnbIaORP0XE4TXuEoQ=",
                  "22": "eCHh9pJHYJMOeLDqd0FxzGUWtjmuL+8K7OwGkIQ2yFU=",
                  "23": "uLzjRT1uNyvh6/R1ZZn9NHX6sLD48seOh50DPji0D38=",
                  "25": "mFvnrPk+v9G/IJ3uADzm2ukBlPoiitZGOty1PNwxwDs=",
                  "26": "2Iw9JcpO0XMOuMg7YGoh9qJ/HSXwejI/b/2O6OSbFEQ=",
                  "27": "UFC9MB6gEuXVxplOyAxwvTyuM3dcYdASCDxSc485fos=",
                  "28": "QGCo+P5GLbmJAmIWjxJztkt5LTy6H0+hTKaWWwcrK8c=",
                  "29": "Z5Dj8N3kr4TFPnD8pM0ZeQaYXAubqQATg0p5ZsU7/DQ="
                }
              },
              "BYCXzXnAJX9Lf+0T5xPfcivxJuKCov3snKwd+lrnisAV": {
                "chainKey": {
                  "counter": -1,
                  "key": "KuZZcRKOfXalUhM0E+HPXpVmitAABnJnN+X/iMSeGgQ="
                },
                "chainType": 1,
                "messageKeys": {}
              }
            }
          }
        },
        "version": "v1"
      },
      "6288219947210.0": {
        "_sessions": {
          "BUQKt+HjsxsV9IZATpWSd1pXMTUNgwUdrvUAC1KTmj8a": {
            "registrationId": 1023075476,
            "currentRatchet": {
              "ephemeralKeyPair": {
                "pubKey": "BSTSF9Rqmte5LSIrucr2aRIMaGwxPLzLMy1WBs6RBF8g",
                "privKey": "AExMlhNnydde6S4225hzloWTn4/atNdZiilCJao7oF4="
              },
              "lastRemoteEphemeralKey": "BawPN8bLJ3091cB9Hmm56l0RXAas1bw/EDCJ7H9zL0kd",
              "previousCounter": 0,
              "rootKey": "WTbz2taW2xvYp5ohes/sMUGqQmXi1o4SbEu7bRhyaDA="
            },
            "indexInfo": {
              "baseKey": "BUQKt+HjsxsV9IZATpWSd1pXMTUNgwUdrvUAC1KTmj8a",
              "baseKeyType": 2,
              "closed": -1,
              "used": 1685709099034,
              "created": 1685709099034,
              "remoteIdentityKey": "Bf5vAIokhcv/bGPvuAbcJWpw7OSaZjn/t44Z91PpkcA2"
            },
            "_chains": {
              "BawPN8bLJ3091cB9Hmm56l0RXAas1bw/EDCJ7H9zL0kd": {
                "chainKey": {
                  "counter": 9,
                  "key": "2t/VfaBCRVVtQIqP4/ON7mpUWCCXNzW2QmJKJr4SS5E="
                },
                "chainType": 2,
                "messageKeys": {
                  "5": "iSMF9APtkktHdeTF9eMZ/iEiUVNfW7V9YSr27r272g8=",
                  "7": "9YOYFFzQy9XEZb6XImONeaUXS27sP3H8U0C7nPorDWo=",
                  "8": "Jr8IV1k3FBNjzAeBypbpIKiCzrg6+ylu4TZbxxvEaTQ="
                }
              },
              "BSTSF9Rqmte5LSIrucr2aRIMaGwxPLzLMy1WBs6RBF8g": {
                "chainKey": {
                  "counter": -1,
                  "key": "/iGYn3LtZSgcqIHg6A+xpWU30qtJV4uuHVh6ukLys0I="
                },
                "chainType": 1,
                "messageKeys": {}
              }
            }
          }
        },
        "version": "v1"
      },
      "6283840075737.0": {
        "_sessions": {
          "BTb34qGkvyUk0Gvku/Sqhkj1OhfzBPcOcE3TJzj6ZUoX": {
            "registrationId": 1519440342,
            "currentRatchet": {
              "ephemeralKeyPair": {
                "pubKey": "BRpPfuV7Qd563uVHa3XVxJAiCEQjsjnHUq9Aq1o+kIVR",
                "privKey": "4F06kbXnTH2cNF7WC6oGIA9+xyyH6CcLHVRxXtrrPFU="
              },
              "lastRemoteEphemeralKey": "BY4+Hydkd/IGHTzYAR/0/vlbxZVrRWOHlhlvdwnRNJd2",
              "previousCounter": 0,
              "rootKey": "ZYk/xPDl/RvyxNy7Kvoqq2ili2jo/1owEbXPr0Y7jNM="
            },
            "indexInfo": {
              "baseKey": "BTb34qGkvyUk0Gvku/Sqhkj1OhfzBPcOcE3TJzj6ZUoX",
              "baseKeyType": 2,
              "closed": -1,
              "used": 1685712029893,
              "created": 1685712029893,
              "remoteIdentityKey": "BcXuHgp1XEwA4teJeZ5jbLkBexis1PVL+1BgCrlJrrsa"
            },
            "_chains": {
              "BY4+Hydkd/IGHTzYAR/0/vlbxZVrRWOHlhlvdwnRNJd2": {
                "chainKey": {
                  "counter": 5,
                  "key": "Yn9q2Hf9tvjRCMV7UE106Yi/o2ymt9QAp8MEQgs3YKY="
                },
                "chainType": 2,
                "messageKeys": {
                  "0": "KIG9pBp8F58Xe4DOXeToKKeQMam56iCRF+u0mbX5HR0=",
                  "1": "02ucYz13r0shL+5zwpKn0XaHveDPPL3IytOrldSG6ck=",
                  "2": "05zDnpzFpeeAX9ng4D6Z2VZi0PnCY3aEAXOcH4rxaA0=",
                  "3": "F8HOZGWKk+xPywp/HAdTHvwUNEXAbOvmOb7h5tJGEJ4=",
                  "4": "8BDwxyGCiy0wVl+CERaDXUmRw3ZOoyaz7rgnWz2UQbw="
                }
              },
              "BRpPfuV7Qd563uVHa3XVxJAiCEQjsjnHUq9Aq1o+kIVR": {
                "chainKey": {
                  "counter": -1,
                  "key": "z3BO7uBSGdqoPW5poxYdjtnQ855ZeOS3VC6o/EKhDHA="
                },
                "chainType": 1,
                "messageKeys": {}
              }
            }
          }
        },
        "version": "v1"
      }
    },
    "appStateSyncKeys": {
      "AAAAAKlV": {
        "keyData": "q37+Uu0Ku+xqXM5Cn7Uev45AIOichhXJSLMn+r3kc/o=",
        "fingerprint": {
          "rawId": 271181836,
          "currentIndex": 1,
          "deviceIndexes": [
            0,
            1
          ]
        },
        "timestamp": "1685708335318"
      }
    },
    "appStateVersions": {
      "critical_block": {
        "version": 1,
        "hash": {
          "type": "Buffer",
          "data": "bYRc//YyT3/ZOUWnCbJMxr2b5Zin7mgb0C5F07DfRJhnLMXF6Jnld9ofkqcXk9/ZYazKeLADdifxTR/v9a+QvsY0GFkm7l6lrDv0A7HdgDhHcEvRhLCpoYFCL5wXqgu9YCXY52FtfVWgJF2B8Dz8p+0x9EbzMl/M/uCWdAtMthY="
        },
        "indexValueMap": {
          "VCQkRBgnfx0jnvG7Jm8ArNUSLqDuBjhdJ1Hovh2rIOQ=": {
            "valueMac": {
              "type": "Buffer",
              "data": "aE3DzZqhDW2Wt92GEJ2qWB8CeS8wA9PO5KLBJ6p52pU="
            }
          },
          "hmm2YbdxHEGL7XxypqYOGLynshcbMVLVLhuezeQkdnA=": {
            "valueMac": {
              "type": "Buffer",
              "data": "kaNyTcrr5qeqvqjKwaeRejlZWsTo0C6nbsHf61xZkSQ="
            }
          }
        }
      },
      "regular": {
        "version": 1,
        "hash": {
          "type": "Buffer",
          "data": "wPWN5rZEZ7nXcLXIYFwBkTytIaMtX0cTYzOYhCnqBrE3i0vKpq0VfLbiDitSbfvUty1XS5AgOphEXeFewOiop5LeQiAbWvG7f2CApOPIhxBXyMQOjk7DQkpVxrs/RBhAtaNnD+5VVjOogjF4XTZeeovRN4aISd+rEKVmilBNyU4="
        },
        "indexValueMap": {
          "trhPEWLTopt4aAVpsPZv2IUowu7JAN1fr3ReEgVo3Ko=": {
            "valueMac": {
              "type": "Buffer",
              "data": "+f53RmkLc74Dvs+J4iDqn6IDlEP9aMo7Wu31XySlmr4="
            }
          }
        }
      },
      "critical_unblock_low": null,
      "regular_high": {
        "version": 3,
        "hash": {
          "type": "Buffer",
          "data": "MRtOaXHETPc7JAwaoziYyzyUUsyOS7+yofLtGnCa8eGAy7SKSEnAZYsD7Pcy9p5hoRQKqpPQAGijThKVL2Ew+CGWv05KoI9wFdCvfQd5jsaVl7m5U8c3NzTCHJywqgtigX8cWBxzdXgv+aZxqg2dwHt01+g3V5xZfDGDPvKB9X4="
        },
        "indexValueMap": {
          "ncI8UK7AiL2cru+qp9tq1xXS1BINGLI1fsSfASdv+pU=": {
            "valueMac": {
              "type": "Buffer",
              "data": "OlNZlW3s4GLn7hmxO4VLncs/VzUuHEGzKxmtwQavV5w="
            }
          },
          "hXpig260wp9JdleeLqTCJfnP/1mbSwXs9Kv92+Q6DWg=": {
            "valueMac": {
              "type": "Buffer",
              "data": "Pf9Caa6Vz8SH/sob32UMuJUvWY4VeZdHCxHQsbzH7fg="
            }
          },
          "vNVNHJQC4CzrhudqPjB17XtHAbMb2e0JZrPxu7+R0GI=": {
            "valueMac": {
              "type": "Buffer",
              "data": "f90X7SIhynUzbKrkG3p/cN0UXRH3qs3wmR6yBAcgEek="
            }
          },
          "fqI9OTtrQjhPW8Lw/jZ557uiQIE8T/iGM0mcjmDRwHQ=": {
            "valueMac": {
              "type": "Buffer",
              "data": "7LnwvyZmAlX49nZUA0H7ZTak3Pkv1543J/WOJmrgsis="
            }
          },
          "KJhhsk3g3AI7faUHn3YSgVeDTrA73PT1Ouu06s6nup8=": {
            "valueMac": {
              "type": "Buffer",
              "data": "08LST0gz9MPKtPyWDaq/sPcoZtQtIUhCstq4PxM/9kw="
            }
          },
          "01rqGjBB36TZKSJkEU+xLhCehPqIqy85cDd5cSJTCj8=": {
            "valueMac": {
              "type": "Buffer",
              "data": "cnWNa8M2gys6b6+nPZyn+TzRQvhkHkr76sGbEKJWe6k="
            }
          },
          "+5tkikElATY41RjBrHjycKebbfEmAdsu+KeCDK1yZ0c=": {
            "valueMac": {
              "type": "Buffer",
              "data": "3UuhVYfrZXe3E0fEsbIY7cc1pe9oGlZTji2zVuQI3TE="
            }
          },
          "hKPdzHFLc36hSFu73WMXaZsG28Qm+rRZwaZBM8ALY38=": {
            "valueMac": {
              "type": "Buffer",
              "data": "hHdWIfd0RLCj2jAm+i4aDHC3M64LXN8kArVkilHl8pQ="
            }
          },
          "+M00YnRzIfaH7sYaJBb8Tkp66qUkTyczjeJLzN9tOkg=": {
            "valueMac": {
              "type": "Buffer",
              "data": "n22gm66Ab09vqCsTjViodJSWLvpzB36Nh2Y7hIv0AXY="
            }
          },
          "8xMQ/vJhR1yau9nVzRjxw9Z6zwy5t/ZivZcKrXfO7gg=": {
            "valueMac": {
              "type": "Buffer",
              "data": "+MCXsls3BtpEt+SlrVr2VJATpNB0sP6OZ9wpfkAfI94="
            }
          },
          "7FJTu1zSERsTfQXF2LzRc2XigSxIZrSmVoXlvjPnfIA=": {
            "valueMac": {
              "type": "Buffer",
              "data": "qD1e0xjVNY2kyp1el8pwfHNHLrhmF7CA+tLWoYwJp8o="
            }
          },
          "XE1KyKnWX/ce6ON57CORupcWJBNRUiKO+yuCrECQrJw=": {
            "valueMac": {
              "type": "Buffer",
              "data": "7j8HUm+Bgc3GO8VOn1eeahcsegpMzi4+z5AiiHhcCY4="
            }
          },
          "kLCGan4e9+JkZyURFBAErz1cz6n0tzTkGIO9PLx6PlU=": {
            "valueMac": {
              "type": "Buffer",
              "data": "7hZD5tPLrcyzYllVZ8U87rDXmPhQyXiIJdbVm1gsxmQ="
            }
          },
          "M729oOmMmjufLyhaFnV+UIC+9AG2VtBhVzJMgYKJT2o=": {
            "valueMac": {
              "type": "Buffer",
              "data": "6SlLAbMWhUFqbngn/wQEaHgQipNZd5noQ1Gr6duhvIg="
            }
          },
          "QbkaVGGUH7iEfYFO+6YphPC2Af13BkCnlIifiaj45UU=": {
            "valueMac": {
              "type": "Buffer",
              "data": "en6uMj20kHx7LFyZQCckBwYbb8XJf+ZZ6UUmrCm0Wb4="
            }
          },
          "pWqQQwq8P/X11xKVPvHTuX+ghdsQo66l3GeOJN4/mZE=": {
            "valueMac": {
              "type": "Buffer",
              "data": "oHluGwLfTwVi5gINaMKqPN14v9x6QY0lgN63zkNW91U="
            }
          },
          "ay9DiHRqUMr+y0QnUkGAc1mHFEkBsDq3IbyUs9Qz4qw=": {
            "valueMac": {
              "type": "Buffer",
              "data": "J+xYLnhLs8ygFMk25wVOB/p2u5wNm5mvqGFX1AuRzL8="
            }
          },
          "/aoC+Z1+qyfsNKTkZQVfy1urkXQaV7MUaDCS4u1Nkjk=": {
            "valueMac": {
              "type": "Buffer",
              "data": "vYjdKoxNJ8DMkt8FHBzHVZpanHKmt0rQY3Tm4qPesrg="
            }
          },
          "XuH1JmvroGRmSgsDFOWbId3rm0wDjnA7Q+5SXGiKAfs=": {
            "valueMac": {
              "type": "Buffer",
              "data": "8s6GU5wFFxi94HMWR1MooxClZNqf6qNZ/hE5fnDARNM="
            }
          },
          "6Pp9svUWZVpj1rRZi2I6KKO9zF6H0hdXUpihxyG7oQw=": {
            "valueMac": {
              "type": "Buffer",
              "data": "a49Izt3gzhrQBeAyfVR7+IMW8a5vvF+6z7vJnLv0tXM="
            }
          },
          "TMboN/Iax18a5gSZF2sMk8wpA2Bvj9d7Hgxk7lfnFMw=": {
            "valueMac": {
              "type": "Buffer",
              "data": "kazB+SXZ5aWLXG57D+nTUdmatktyH6T/w9boDX9hDtU="
            }
          },
          "nWgE7wLP4NKni8U5JIMYCJkjyGlX4s7Ma9snudDhnQI=": {
            "valueMac": {
              "type": "Buffer",
              "data": "hqn9MymMcfjSFubON/Sav0omYcH5Lw+AUpaYujfwXyE="
            }
          },
          "oMeiE3q4TZYQKFQcP3jcgdkNCeR1agJeqyCeBBgQIUk=": {
            "valueMac": {
              "type": "Buffer",
              "data": "D2l0mJRpGlIZLaq+/XCqvkVStha8ZjrRnBa9XQrb7Hw="
            }
          }
        }
      }
    },
    "senderKeys": {
      "6283146457557-1615383965@g.us::62882199472100::0": [
        {
          "senderKeyId": 727565188,
          "senderChainKey": {
            "iteration": 1,
            "seed": "nAatvSFx2DuzoY94T4X5O1lidVN3dQgSTxUnuldtpg0="
          },
          "senderSigningKey": {
            "public": "BTIiZ6hhSaeZ8wLDCQbRACTRu9Ilmj/zC+llneLtiRUH"
          }
        }
      ],
      "6288239620884-1626256984@g.us::62882199472100::0": [
        {
          "senderKeyId": 939806313,
          "senderChainKey": {
            "iteration": 3,
            "seed": "qOZ/0wawvG2k3Q/xRyMTTJpjVQBXREuBTutCbLAbQow="
          },
          "senderSigningKey": {
            "public": "BdEbH005aIJtsNOs8FpIbrSdkVQpvciPwrqryTBhIjtI"
          }
        }
      ]
    }
  }
}